E,N,R,xi,xi_std,xi_ste
0.01,100000,4,6.908066436504722,0.03332483835194352,0.01666241917597176
0.001,200000,4,9.397002367575993,0.08363455082282586,0.04181727541141293
