E,N,R,xi,xi_std,xi_ste
0.01,1000000,2,6.927092190874568,0.019391512286588412,0.013711869835308919
0.001,1000000,2,9.360392467770637,0.016614089719284783,0.011747935503747973
