E,N,R,xi,xi_std,xi_ste
0.01,10000,2,6.908461110732783,0.10573274386623388,0.07476434018127431
0.001,20000,2,9.160992264159393,0.33050795053089654,0.23370441305646492
