{
    "E":[0.1, 0.04893900918477494, 0.02395026619987486, 0.0117210229753348, 0.005736152510448681, 0.0028072162039411755, 0.0013738237958832624, 0.0006723357536499335, 0.00032903445623126676, 0.00016102620275609394, 7.880462815669905e-5, 3.856620421163472e-5, 1.8873918221350958e-5, 9.236708571873865e-6, 4.520353656360241e-6, 2.2122162910704504e-6, 1.0826367338740541e-6, 5.298316906283712e-7, 2.592943797404667e-7, 1.2689610031679235e-7, 6.210169418915617e-8, 3.039195382313195e-8, 1.4873521072935118e-8, 7.278953843983161e-9, 3.5622478902624368e-9, 1.7433288221999873e-9, 8.531678524172814e-10, 4.175318936560409e-10, 2.0433597178569396e-10, 1.0e-10],
    "th":0.25,
    "N":[1000000, 1000000, 1000000, 1000000, 1000000, 10000000, 10000000, 10000000, 10000000, 10000000, 10000000, 50000000, 50000000, 50000000, 100000000, 100000000, 100000000, 100000000, 100000000, 100000000, 100000000, 100000000, 100000000, 100000000, 100000000, 100000000, 100000000, 500000000, 500000000, 500000000],
    "R":1,
    "seed":1234
}
    
