E,xi,xi_std,xi_ste
0.1,8.936341805562567,0.049240215736813635,0.0049240215736813635
