E,xi,xi_std,xi_ste
0.1,8.92914098593196,0.039523378540755966,0.022818833239788935
